first_name,last_name,email
Syd,Gorbell,sgorbell0@4shared.com
Conny,Haggerty,chaggerty1@51.la
Hamlen,MacDearmid,hmacdearmid2@ocn.ne.jp
Brunhilde,Caw,bcaw3@state.tx.us
Hallie,Bradden,hbradden4@etsy.com
Bradly,Groneway,bgroneway5@nps.gov
Annette,Brody,abrody6@acquirethisname.com
Concordia,Mussett,cmussett7@cisco.com
Aristotle,Davitti,adavitti8@ucoz.com
Vivian,Sandom,vsandom9@auda.org.au
Eva,Steeden,esteedena@wix.com
Celine,Penhaleurack,cpenhaleurackb@go.com
Sherline,Wark,swarkc@google.nl
Krisha,Padden,kpaddend@dailymail.co.uk
Margy,Fall,mfalle@nhs.uk
Korey,Breese,kbreesef@artisteer.com
Kai,Tisun,ktisung@aboutads.info
Ulrikaumeko,Flewin,uflewinh@infoseek.co.jp
Melonie,Yukhnini,myukhninii@chicagotribune.com
Curcio,Surmeir,csurmeirj@ucoz.ru
Lev,Ilewicz,lilewiczk@hc360.com
Myrwyn,Pentony,mpentonyl@sogou.com
Marilin,Markl,mmarklm@g.co
Allianora,Debrick,adebrickn@ucoz.ru
Saunders,Embury,semburyo@furl.net
Bartolemo,Redwin,bredwinp@foxnews.com
Sargent,Chrishop,schrishopq@digg.com
Archer,O'Doohaine,aodoohainer@wisc.edu
Salvador,Goddman,sgoddmans@nydailynews.com
Amelie,Fear,afeart@pinterest.com
Collen,Aldred,caldredu@bandcamp.com
Shelley,Romei,sromeiv@t.co
Lizbeth,Laker,llakerw@vkontakte.ru
Keenan,Khrishtafovich,kkhrishtafovichx@dyndns.org
Georgeanne,Pheazey,gpheazeyy@networksolutions.com
Waneta,Wytchard,wwytchardz@slate.com
Jacquetta,McQuilliam,jmcquilliam10@weibo.com
Leroi,Godspede,lgodspede11@kickstarter.com
Drusilla,Canedo,dcanedo12@over-blog.com
Tiphani,Lyst,tlyst13@twitpic.com
Eugene,Mengo,emengo14@xrea.com
Wit,Pentin,wpentin15@mapquest.com
Lorens,Bernardos,lbernardos16@myspace.com
Dane,Hulks,dhulks17@bravesites.com
Lucio,Chartman,lchartman18@facebook.com
Sunny,Le Pruvost,slepruvost19@hhs.gov
Reidar,Kroll,rkroll1a@de.vu
Peyter,Burress,pburress1b@bigcartel.com
Gerome,MacIntosh,gmacintosh1c@about.com
Lindsey,Algie,lalgie1d@columbia.edu
Che,Gildersleaves,cgildersleaves1e@fastcompany.com
Fernandina,Duro,fduro1f@google.com.au
Rik,Stainburn,rstainburn1g@ebay.co.uk
Haskell,Cruces,hcruces1h@ning.com
Shelby,Fitzmaurice,sfitzmaurice1i@cpanel.net
Kitti,Saller,ksaller1j@baidu.com
Zorina,Puttrell,zputtrell1k@zdnet.com
Iggie,Alpine,ialpine1l@ameblo.jp
Sollie,Walley,swalley1m@nhs.uk
Kimmie,Bullier,kbullier1n@wikipedia.org
